barcode,itemcode,location,description,onhand_qty
5165664572340,5959797556759,Rome,Afghanistan,734
9435736286843,3790576660320,Abu Dhabi,Samoa,747
4882775575370,8122600373505,Linz,Palau,43
1174239787314,5681634565318,Las Palmas de Gran Canaria,Serbia and Montenegro,552
2636804600964,5292971475171,Chicago,Nepal,262
3035338737580,8462130964633,Panama City,Poland,858
9174008994538,1511877882863,Kingstown,Morocco,669
8627499255553,2506141921740,Omsk,Turkey,715
874996521906,4635598472118,Port-au-Prince,Serbia and Montenegro,819
2522966088834,7698624525894,Daegu,Guatemala,473
2527583111727,5641843871757,Kiev,French Guiana,598
7844251539305,4326151904209,Mata-Utu,Kazakhstan,585
2379793970842,4955110362072,Calama,Malawi,400
3759794888919,4636812734208,Wonsan,Ireland,135
3060041670996,4017167138499,Paris,"Virgin Islands, U.S.",991
4397214015418,1239774908670,Porto Velho,Armenia,192
1341219093155,2473126856369,Lyon,Uruguay,294
1539736537876,4834792723956,Medan,RWANDA,580
5807200477833,6973816434034,Hong Kong,Cambodia,918
5563468052923,5999169336217,Nassau,Antarctica,841
3634170902106,411310795964,Wuhan,Kenya,854
8736039935523,3136830728520,Zamboanga City,Netherlands Antilles,639
2397668642192,4912265404808,Tskhinvali,Sweden,820
6442931512891,1428496026601,Gold Coast,Heard Island and Mcdonald Islands,784
1335484431726,1314967624727,Huế,Greece,158
206465076200,4032512060007,Mexicali,Western Sahara,352
6724371956677,1485497728136,Hanoi,Thailand,396
8949850063464,1847159486444,Rabat,Sri Lanka,293
9129767974367,6801025925713,Ankara,Senegal,81
45492483217,8772278973018,Glasgow,Turkmenistan,382
9768231444323,1040665513494,Rabi Island,Saint Lucia,190
4008906097976,4364111692072,Ludhiana,"Micronesia, Federated States of",956
1530781113993,4782635761089,Nanjing,Argentina,590
5942260054574,1629564942121,Mwanza,Tajikistan,869
195949100360,9178667300144,Austin,Christmas Island,65
7972015083730,884195314739,Guwahati,Georgia,63
8137778734660,8026821674784,Yekaterinburg,Bhutan,701
900586536916,6457073694214,Virginia Beach,Costa Rica,265
8545795299357,7413007193220,Pattaya,Somalia,377
4342179142053,8272132707734,Monterrey,Pitcairn,749
9660413260118,2633916195044,Kingston,Senegal,810
1990523583334,5126567478014,The Valley,"Tanzania, United Republic of",273
1395774510723,4325602105897,Kyoto,American Samoa,365
8482542636887,3738711904559,Cleveland,Western Sahara,203
4612378767827,7686118515882,Asunción,Nigeria,450
4778817450433,363918543431,Fairbanks,Fiji,362
1198451559883,7299777236282,Toronto,Belgium,794
192994892596,2132711380191,Thimphu,Angola,904
5676302242449,5400871020673,Denpasar,Guinea,301
9568185685765,8520644176501,Gothenburg,Azerbaijan,831
3823238192087,3075512628171,Kyoto,Hong Kong,578
6826209257686,2321444779398,Cleveland,Kiribati,448
5326201330591,9536353418194,Jaipur,Cambodia,55
1140760434155,6464140072891,Regina,Slovenia,729
4554520852450,7163988917434,Copenhagen,"Taiwan, Province of China",832
8188097303817,7150944115366,Detroit,Cocos (Keeling) Islands,407
1449838270362,4813318504358,Punta Arenas,Sweden,880
8961363878347,4242177498163,Ankara,United States,261
9138342563203,7418241606865,Milan,Mali,382
4830038062236,1347950960447,Wichita,Tonga,448
3576903119226,720128096795,Quezon City,Hong Kong,901
931745279747,8236125873027,Roseau,Germany,837
1637842260928,5620576665215,Portland,Tajikistan,937
5296526590421,7192406431212,Calgary,Faroe Islands,280
3765476264321,1043122099232,Malmö,Tonga,641
2205083942686,3098008424014,Durban,India,345
8087050909591,9865422751197,Doha,Hong Kong,600
7074429145438,9436398582256,Zapopan,Bosnia and Herzegovina,872
3704332845828,554998590902,Bujumbura,Belize,186
1289695619840,1589856958372,Nanjing,Belize,641
1446051107785,9987341755189,Pristina,Mauritania,926
6980888617907,1273934239763,Belgrade,Romania,404
2408854844955,4041995095795,Guwahati,Serbia and Montenegro,940
9578635464751,7005673306514,Hobart,"Cote D""Ivoire",157
2508377211527,3351872254542,Ilhéus,Saint Lucia,378
2969170720621,9662880728689,Tabriz,Ireland,816
9122989571385,6735100249549,Milan,Tunisia,479
121949394961,7520153192589,Hobart,Sao Tome and Principe,20
8123482478288,3648385516251,Kraków,Bolivia,265
4525768960760,7125819355185,Accra,Azerbaijan,648
1393216356671,1865908697584,Porto-Novo,Norfolk Island,192
1096085939695,6389951177492,Kuala Lumpur,Thailand,753
4258318926938,4954809848451,Alofi,Saint Pierre and Miquelon,380
4824579774551,1820181851820,San Diego,Comoros,568
9607068700845,3527134950256,Monaco,Saint Vincent and the Grenadines,138
1483082486668,3184949565582,Veracruz,Hong Kong,241
2587037201048,3417601776107,Copenhagen,"Congo, The Democratic Republic of the",256
8706459602194,246411082482,Murmansk,Belarus,938
4519152090755,6803761955597,Ponta Delgada,Angola,409
1243874361961,1952932210188,Munich,Thailand,749
5088625979935,8003096511677,Valletta,Luxembourg,156
209208319884,7716815363946,Faisalabad,Somalia,894
8260177252603,8367230750440,Valparaíso,Aruba,137
6757656945236,1268913372473,Konya,Faroe Islands,370
9785690225074,2178264351105,Naypyidaw,Latvia,836
9600435788228,6704818660490,Palikir,Namibia,698
6175156471477,609872504552,Cairns,Equatorial Guinea,689
8235854095460,9412484850866,Nagpur,Malta,268
4103173778176,895999946946,Sarajevo,Estonia,933
5824295564806,8119780665645,Brisbane,Papua New Guinea,133
7995126677318,8706873880886,Marseille,American Samoa,39
6124298069068,9793328551440,Doha,Saint Kitts and Nevis,966
878740698349,1929814593132,Belize City,Christmas Island,406
4591150496819,5734255981110,Ilhéus,Zimbabwe,771
957199494946,9803922359188,Serekunda,Serbia and Montenegro,255
6265955174194,4492576802968,Sabha,Haiti,657
3156395676551,5133476834244,Ponta Delgada,Kiribati,543
9688479947106,4231754684420,Pyongyang,Gibraltar,266
9134801606386,6968969254132,Santiago de Cuba,Antigua and Barbuda,877
8110537708191,1080194955295,Nakhon Ratchasima,Gambia,945
330656371967,6197705750536,Serekunda,Kenya,478
3192348911889,1030901901656,Bergen,Gibraltar,854
9593755572334,5448066762592,Djamena,Iraq,659
7995972675228,6723112799334,Oklahoma City,Qatar,59
8708681368606,8348341006855,Hyderabad,Eritrea,922
6354050696201,8862949216809,Córdoba,French Polynesia,362
6767829351466,422906853994,Monterrey,American Samoa,555
147764130519,7818503704660,Hanover,Niue,479
9671379503263,5255922132889,Chengdu,Philippines,67
6361272365278,5703030985268,Birkirkara,Kenya,615
3965405892317,1205072282004,Ashgabat,Martinique,223
6150770431970,5560115771901,Taipei,Belgium,77
5159402237,2054946605790,Almaty,San Marino,489
7654356324010,769456240658,Chaguanas,French Guiana,405
8733272507311,9594334726132,San Francisco,Slovakia,916
7262810008039,3690387075650,Melbourne,Algeria,683
7235804888666,9079591033618,Seville,Uzbekistan,121
9114002004006,1332335269249,Rabat,Mexico,641
3688308488858,734320801283,St. Johns,Tunisia,224
7596452370265,7974860924575,Sabha,Central African Republic,907
9620708462227,5477467265182,Murmansk,Bouvet Island,601
1041433347469,1185588376257,Baku,Nigeria,307
6550866731151,2071257662118,Albuquerque,Seychelles,112
685287446536,4190875961997,Frankfurt,Egypt,530
7175548609982,5451359430432,Zhengzhou,Kyrgyzstan,359
4993277011255,896622179015,Oslo,South Georgia and the South Sandwich Islands,320
701468696075,4077613556650,Omsk,Timor-Leste,762
3086576977181,174291774685,Denpasar,Lesotho,985
4797146328148,4147865674670,Fredericton,Paraguay,545
6688914989407,3967393961712,Calama,Trinidad and Tobago,335
2072374253483,9924555564487,Perth,Israel,130
8638854680219,2284345357511,Jinan,Sao Tome and Principe,387
6612956587141,1369858874596,Pittsburgh,Luxembourg,181
9643444257611,4854498676783,Atlanta,San Marino,117
4081847296157,8692068648338,Mashhad,Belgium,909
7813570751929,7432902598905,Edinburgh,Bangladesh,763
7554353244023,1328944180390,Gangtok,Kenya,296
9581573947213,7836784674784,Recife,Israel,410
7101890653357,3588900003286,Port-au-Prince,Gibraltar,348
1801651874081,9003782948734,Montevideo,South Africa,650
6799176762762,2681029201166,Murmansk,Åland Islands,663
2575483216981,9682783035572,Ipoh,Cameroon,715
5531375546228,4310442604274,Kano,Latvia,469
4020208570088,2771261148720,Vienna,Guernsey,399
8898248502889,4041339023772,Rockhampton,Namibia,727
7766234735614,7841785793566,Bursa,Solomon Islands,819
4777259209107,4076134877226,Dakar,Yemen,403
1634451986323,5290322050647,Honolulu,Israel,528
1394797358916,8103098179317,Antananarivo,Kyrgyzstan,35
9385572887396,9423433581202,Sapporo,Estonia,848
6701662784869,4728249365063,Wichita,Colombia,236
8558118150399,5717499801887,Damascus,Syrian Arab Republic,42
3699001715768,7962247877078,Luxembourg (city),Bangladesh,463
3101728161270,3629546636519,Almaty,Ukraine,349
1602555060417,7035281380975,Shenyang,Uzbekistan,270
4336074438850,5462325371894,Magadan,Isle of Man,660
7852739163160,5833860583211,Mwanza,Anguilla,316
2050878274171,6757644156652,Medellín,Canada,899
931654994864,4968447150156,Alofi,Bhutan,300
9857488471867,7685664241767,Saint-Pierre,Heard Island and Mcdonald Islands,563
6584977335734,8347304971990,Hamburg,Zambia,651
161483717968,7574094996669,Quezon City,"Moldova, Republic of",828
4432957405820,3198939508857,Thessaloniki,Somalia,329
5262627615652,215064098247,Barcelona,Finland,505
8888488031291,5410413631507,Vitória,Kyrgyzstan,793
5813496273945,1327728628985,Nagpur,Tokelau,826
1462750521238,596771209893,Durban,Uruguay,332
3818307822211,4450223765902,Ambon,Thailand,850
8955316384541,1617754796850,Vitória,"Macedonia, The Former Yugoslav Republic of",599
8391591049304,9223923253255,Fredericton,British Indian Ocean Territory,441
7551087815344,9709258420081,Belize City,"Cote D""Ivoire",275
7191779344188,8014526606080,Denver,Sri Lanka,307
6482503700742,2420663641046,Adak,Netherlands Antilles,883
766023781954,2362423902175,Strasbourg,"Macedonia, The Former Yugoslav Republic of",498
9427132638372,8404497327265,Phnom Penh,Fiji,819
908166828371,3344335048807,Rosario,RWANDA,451
6106670283555,5684859150305,Naples,Uganda,114
8166181005317,4045877064870,Dibrugarh,Uzbekistan,883
1686265764778,6623325810271,Adana,India,358
3689197823229,7806073138995,Miri,Guernsey,207
7477919861807,7749457722470,Baku,Panama,740
4187071806239,569168146927,Pelotas,Saint Helena,154
3916799442380,296911321158,Pretoria,Turkmenistan,954
9982888554865,6988460688700,Cork (city),Mali,705
9895935986297,4811880821759,Bursa,Trinidad and Tobago,891
582079942382,6960933651454,Namangan,Congo,235
6465323780539,9596790580376,Alor Star,Finland,539
5083748436857,9019429617576,Sabha,Iraq,909
5895153374215,3886363641500,Singapore,Syrian Arab Republic,263
3863459810491,9876075822281,Reykjavík,Peru,768
4512654552443,5709054642970,Padang,Monaco,115
5658460957111,855309480265,Zhengzhou,Guadeloupe,29
6575574820279,2377473804581,Multan,Bermuda,918
6085511932008,1235532083343,Nanning,Central African Republic,492
6270799569292,7634587428200,Lagos,Faroe Islands,831
7788615644568,8175676775069,Cartagena,Cuba,233
3293841281500,3296704570123,Wuhan,Mozambique,935
8438192212722,3159480578119,Warsaw,Syrian Arab Republic,718
3607510579199,2128209907251,St. Georges,Mali,583
1138817101038,1981475031095,Karachi,Azerbaijan,406
311318914538,8427865029654,Porto-Novo,Antarctica,365
6792042222855,4970374774885,Las Vegas,Zimbabwe,158
5176426562927,5106035686841,Maceió,Tunisia,404
38596989501,416925461915,Charlotte Amalie,Malta,210
392698873688,1998937190310,Sofia,Bhutan,665
2582312762179,6091743054210,Johor Bahru,Kazakhstan,466
2040534263550,4471334447657,Malmö,Uruguay,273
6100304340934,3095253215888,Incheon,Somalia,53
6151290251803,8411385155756,Saint Petersburg,Kazakhstan,221
950032882377,1523396996811,Abuja,Madagascar,227
2609920432168,8471607715514,Malé,Peru,243
7098706059727,3689725202974,Phuket (city),Jordan,687
290845472744,7863688924950,Fukuoka,Slovakia,297
6232434878549,4327238487388,Papeete,Cambodia,581
332886848141,656213223087,Jacksonville,Albania,455
7320617200402,6018816632838,Ibiza,Aruba,121
7442644446689,7947209379127,Peshawar,Togo,107
4093118417739,5249773213863,Kigali,Viet Nam,898
7216273124701,9641583764655,Tampa,Philippines,133
9601545791970,6510849526929,El Aaiún,Syrian Arab Republic,0
1041500303326,2299785764377,Libreville,Saudi Arabia,744
439801794417,7107448581877,Horta (Azores),Australia,370
1279513166781,6178377719190,Oklahoma City,Zimbabwe,883
2714380450720,6537159699208,Recife,Russian Federation,502
562299730624,4616481029331,Charlotte,Slovenia,621
7921369692635,4601347604247,Freetown,AndorrA,270
8044899175704,2364737635210,San José,Greece,357
7257933268760,1270504902049,Weno,Japan,439
1502338824694,2215909279409,London,Turkmenistan,598
5211976721155,9678264761708,Darwin,Nicaragua,995
8491693146066,8438153265991,Saipan,"Congo, The Democratic Republic of the",892
422849478387,4256770024503,Port-au-Prince,Bangladesh,282
709960804400,9351913581871,Bridgetown,Croatia,460
2490290940951,9328008466049,Athens,Puerto Rico,717
5644851468872,7476166004343,Johor Bahru,Belgium,877
7128188909442,6782846430161,Calama,Antigua and Barbuda,574
869081677279,3185773889345,Dublin,Nigeria,330
4185186144229,4295300630443,Gangtok,Morocco,25
2181784706196,6148492902363,Ipoh,Greenland,523
6105735602788,9193129477840,San Francisco,Saint Vincent and the Grenadines,48
7653831299123,5024452578085,Düsseldorf,Falkland Islands (Malvinas),504
4171721505552,6686665122950,Bilbao,Heard Island and Mcdonald Islands,964
4257920946981,3920488356478,Tirana,Greenland,591
6660472624763,2867144890085,Raleigh,France,449
275473855812,4185360813617,Casablanca,Lesotho,226
6904995481734,6173436749566,Palma,Isle of Man,67
4118688217025,9498545578910,Bursa,Ukraine,97
2658953310444,9910991939841,Antofagasta,Latvia,941
2093568714433,6792150031072,Las Palmas de Gran Canaria,United States,910
6788354761471,1064171036945,Brazzaville,Slovenia,244
3704154116634,2791093770371,Banjul,"Korea, Republic of",752
2888654411021,2586891992759,Nashville,Aruba,342
6357436142964,1501248866443,Surat Thani,Turkmenistan,967
1216192258530,4051329567886,Daegu,Azerbaijan,503
7240991786248,7508528203367,Fortaleza,Bhutan,674
497021357635,2593053442892,Shillong,Bahamas,980
3236934809417,5023285341070,Kaliningrad,Estonia,941
9721815954272,7220099795968,São Tomé,Marshall Islands,523
6565322440233,1368178198031,Pontianak,Norway,956
3564971700347,7425330960562,Geneva,Guam,197
5967755275220,3660801611745,Cairo,Mali,959
2425163119181,370957562916,Yaoundé,Argentina,806
6184704729314,260901854721,Harare,Tuvalu,808
47352477025,9202313592708,Bergen,Chile,562
3756427236296,2876280444507,Guadalajara,Czech Republic,825
2221439886990,6025937132517,Brikama,Jersey,740
7716225443490,8317521419613,Chicago,Maldives,138
2569829145690,4949255120185,Bandar Seri Begawan,Madagascar,396
7983153019320,8886008608695,Phuket (city),Guinea,892
1136954606328,2516073850583,Kuwait City,United States,866
4495999051884,4064626426937,Yogyakarta (city),United Kingdom,747
2789301909666,1093563901632,Jacksonville,Haiti,676
6254485169332,6303178880979,Saint-Pierre,Tokelau,792
5802395022096,9161594754997,New Orleans,Central African Republic,790
3137803906356,1824761279646,Chuí,French Guiana,959
474831722178,8631758865285,Chiang Mai,Marshall Islands,371
2666091422441,4367667983544,Anadyr (town),Uruguay,360
3221280442863,9124899990705,Bergen,Svalbard and Jan Mayen,684
2342887283587,4717814829514,Balikpapan,Saint Vincent and the Grenadines,504
9183070280304,8051242400710,Handan,Angola,40
1895312358125,366189720664,Santiago,Argentina,409
962972022043,3567069970092,Pyongyang,Senegal,361
6864863907773,8625905736861,Cairns,New Zealand,960
49808401074,7965692576082,Geelong,Russian Federation,617
5458051766852,8221800048765,Zamboanga City,Chile,369
5545880782508,5235778491224,Manila,Bouvet Island,734
7173482268350,6220333070805,Willemstad,South Africa,418
460120082148,1426364501448,Shigatse,Mali,173
3467972249779,5126799306144,Prague,Spain,556
2246740325540,1795652630217,Malang,Marshall Islands,943
7675379192443,6813710458972,Nantes,Argentina,355
8438718959889,7682690948032,Gothenburg,Bhutan,337
4986800194716,1943884007744,Honiara,French Polynesia,666
8852549826723,4400205875268,Kawasaki,Seychelles,324
5065214749782,467127378737,Gaza,"Micronesia, Federated States of",795
9529649826915,2667756662014,Nuuk,Mayotte,810
9821072371960,4281917035898,Forked River,Mauritius,863
4828276878356,3985166257796,Adelaide,"Moldova, Republic of",520
2878307530969,3032938843509,Seattle,Burkina Faso,386
3230366800530,1346711004691,Douglas,Cyprus,306
8576391557757,2484626371006,London,"Micronesia, Federated States of",669
4469519032562,3960318250414,Lubumbashi,Portugal,162
4147243480617,9287997103752,Doha,Malta,93
9328648410451,8978748455863,Luxembourg (city),Tajikistan,246
8555146734804,5083091734119,Curitiba,Lithuania,169
647097522497,8407726198587,Kandahar,"Cote D""Ivoire",557
4090053879154,3647085109104,Amsterdam,Azerbaijan,388
5733011820756,2593510988497,Los Angeles,Kyrgyzstan,782
555429134275,1901782707714,Alofi,Samoa,268
1707658371189,7411844519434,Damascus,Tajikistan,593
3650425771516,5004524340408,Agartala,Seychelles,169
8573587220685,4064604752463,Tskhinvali,Pakistan,137
1906495977941,5042671648789,Qingdao,Indonesia,737
3532080119258,1821348408151,San Juan,"Iran, Islamic Republic Of",267
9868429691948,248689346804,Dublin,Spain,726
7023887481748,7295344015165,Porto Velho,France,580
1131826369021,873471045767,Newcastle,Singapore,642
8243705903552,2300502423277,Casablanca,Singapore,483
527540110965,7537128584285,Qingdao,Hong Kong,383
8441181032153,5136213575346,Lanzhou,Macao,494
632946382967,7203494115485,Split (city),Portugal,246
7846960199242,5297563604718,Santa Cruz de Tenerife,Dominica,933
8282237080109,1765653004585,Colombo,Switzerland,301
173538421956,8923711390818,Hiroshima,Bouvet Island,590
2218416563680,2240480885750,Washington,Bermuda,379
3533393307471,2510183431107,Mecca,Lesotho,534
3789557709700,98969840210,Cardiff,Luxembourg,992
6909334402744,6028179933291,Thimphu,Iraq,15
6684334013112,3104484190806,Abu Dhabi,"Congo, The Democratic Republic of the",280
7963280345747,5045524897578,Melekeok,Tokelau,968
3112175896765,7787181732340,Tunis,Bhutan,127
5664307676340,1615871903157,Koulikoro,Equatorial Guinea,620
4476687505305,7932861033837,Serekunda,Dominican Republic,392
3484163867261,2228264828703,Córdoba,Belize,22
5217231029269,4055254345874,Kigali,Guernsey,217
3774907633192,2178906653230,Nizhny Novgorod,Nepal,273
9812511349014,6363227497922,Islamabad,Greece,612
5271412442976,938339244258,Bahía Blanca,Peru,153
3471368304986,2066722265525,Porto Alegre,Comoros,323
9088955563535,4051940281708,Dushanbe,Lebanon,160
3643789236951,4123765369051,Blantyre,Cape Verde,97
1057553905807,9936076391714,Belém,Indonesia,497
5637668993955,2836720531447,Guwahati,Liberia,164
3909525645913,3894955135549,Vancouver,Somalia,248
6563350287863,226557936353,Kabul,United Kingdom,108
7565338809237,8320498536659,Damascus,Chile,290
919957684515,5111423578113,Tripoli,Maldives,316
3139548955591,824264388575,Salt Lake City,Algeria,675
8889302371334,895877302605,Aarhus,Tunisia,284
7320940624622,1656448662811,Nakhon Ratchasima,Dominican Republic,551
9720360284314,4534602166209,Malabo,"Korea, Democratic People""S Republic of",281
186981236505,6704882274295,Kabul,Latvia,454
4214004728586,3158251417129,Baku,Lithuania,256
6363244539070,6246908291266,Gdańsk,Marshall Islands,592
5443621366801,6090845499284,Honiara,"Moldova, Republic of",454
4194293658328,7875492379592,Tehran,Uzbekistan,424
7220640336019,8858698861239,Kingstown,Australia,5
6562714162929,4227953876676,Anchorage,Luxembourg,492
3918187169254,4836278420170,Ottawa,Algeria,844
1127218972830,4637422252139,São Tomé,Chile,502
8564266516950,2069323583138,Porto Velho,Kiribati,504
7992035401695,6701893685726,Odessa,Lesotho,835
5560924836317,5371998334863,Nice,Djibouti,858
412310278976,5533701612931,Guadalajara,Burkina Faso,703
9817102461417,4717728124337,Marseille,Latvia,114
4120327284733,346807821909,Yangon,Cameroon,672
280783825347,5002225846203,Antananarivo,Guatemala,832
1643871825020,9983313086098,Murmansk,Switzerland,257
7510391908068,5555626226542,Lanzhou,Estonia,455
2771941972288,7959085672220,Kingstown,Italy,17
3163377221540,4820393546868,Nice,Nicaragua,542
3597469854157,2986106401484,Kuching,Saudi Arabia,527
8109039665829,6686276059794,Yaren District,Malawi,363
1184713581264,1196067762744,Maputo,Swaziland,35
7684278595542,3787459942700,Saint John,Cape Verde,280
3146518753606,9613581752480,Paramaribo,Bulgaria,923
915064632895,5587168281279,Antananarivo,Macao,652
8490091525965,4213236665048,London,Jersey,653
4090424458572,1062240398577,Geelong,Burundi,655
5446531817075,666643731372,Las Palmas de Gran Canaria,Lesotho,929
9561600208381,7706777882741,Charlotte,Fiji,499
1029067256347,9757576715928,Karachi,Cyprus,493
8481772674040,7600059982422,Oranjestad,Uganda,946
6649794229707,2149984162525,Busan,Slovakia,705
4574952199522,2689662601884,Mata-Utu,"Korea, Democratic People""S Republic of",679
6239402643416,8528257497559,Chicago,Saint Vincent and the Grenadines,708
6012813934056,2120860938873,Yogyakarta (city),Dominica,749
1276089702580,3614511208663,San Francisco,Belgium,431
3139400672246,3739823557029,Fortaleza,Marshall Islands,488
782886630547,9795406545305,New Orleans,Germany,367
9801201753902,3997271967773,Lviv,"Palestinian Territory, Occupied",967
6919082358813,7089393078987,Suez,Albania,982
4191484092011,1727387348783,Belém,Puerto Rico,577
2161730670502,6470345264667,Yekaterinburg,Kyrgyzstan,268
3895695635778,6033386874201,Alexandria,Estonia,796
2181017078831,16329270338,Guayaquil,Nauru,766
9915954625923,7416438478944,Bridgetown,Togo,573
2518329873019,7824450855198,Geelong,Cook Islands,738
7396472951751,5131285799666,Rio Branco,Australia,162
2538561110052,6473536253395,Santo Domingo,Thailand,733
3986420927595,2240146272370,Wuhan,Guinea,102
9721116711857,9379949657642,Valencia,Gibraltar,380
5058271542693,2005271703997,Denver,"Korea, Republic of",1
5026391725700,8128998656611,Campinas,Morocco,52
1202114264371,579935449176,Patna,Uzbekistan,86
6947416082153,8986410209708,Manchester,Qatar,835
857422925267,5991764483830,Chuí,"Congo, The Democratic Republic of the",725
3573539064398,9814554570886,Valdivia,Norway,426
840170179609,5497686807579,Maputo,Pitcairn,284
3597455780223,3396030972442,Port Said,Switzerland,307
389314419800,5117956122489,Ludhiana,Cuba,535
1398145632085,5610548431930,Belfast,Lithuania,672
8857360828901,1526885524819,Kano,Botswana,192
3784964439077,1767660961443,Kaohsiung,Tunisia,91
5692577875943,814104760602,Basra,Saint Lucia,355
2272680561445,7880667044754,Nukus,Ireland,348
7396764209376,2316869343899,Rockhampton,Liechtenstein,587
6610970179557,875182343276,Dalian,Sao Tome and Principe,285
3087161484421,9342867028260,San Salvador,Brazil,216
7088794271689,2162339338674,Wuhan,Norfolk Island,608
7540811229870,5893181322297,Christchurch,Mexico,70
6205608965229,96667476592,Gaborone,Martinique,385
2007844155194,7634140935323,Kolkata,Slovenia,656
3035881695144,6821990334347,Kuwait City,Philippines,712
368605895355,1315067554733,Marseille,Saint Pierre and Miquelon,575
9564691353750,8418875561530,Yaoundé,Pakistan,392
1203126718238,8614470539657,Arbil,Palau,201
9371958316019,7516280543230,Amman,Antarctica,735
1444142536512,4887673733142,Astana,Malta,598
9521484252225,4153956179296,Puebla,Namibia,100
5811243147056,6436143116060,Thiès,South Africa,774
5829580426355,8127509966719,Lhasa,Serbia and Montenegro,669
9143247055372,8367825257724,Denpasar,Central African Republic,629
4228718165276,5390351141490,Perth,Somalia,621
975056087616,7295069977514,Paris,Guatemala,909
9605535574456,625183645105,Karachi,China,128
1262715085194,7020840287340,Edinburgh,Azerbaijan,128
7399647893814,3125446800236,Jacksonville,Latvia,397
8779504279406,6199505458383,Fortaleza,Algeria,619
9076206038181,7239902985229,Jacksonville,Nauru,248
4458646560882,5006788734038,Porto-Novo,Sao Tome and Principe,340
6352910044610,1748241002599,Agartala,Isle of Man,203
736141577287,2048221925983,St. Georges,Togo,626
7330038547320,9827134552966,Thiès,Saint Helena,457
5205307230479,7261228904441,Zanzibar City,Zambia,293
6020928842664,7380036626938,Boston,Norfolk Island,483
2274759914105,9707886842959,Mecca,Guatemala,812
9715933110559,125383381850,Buffalo,Barbados,737
4481637303198,9610897563908,Jamestown,Gibraltar,969
4999693411619,9505936450660,Split (city),Chad,613
6271144231875,7712926832271,Regina,Oman,328
4242027486283,84483908895,Cotonou,China,104
1611143486314,6324903454095,Maputo,Guinea,636
8544688404891,6559845058099,Abu Dhabi,Bangladesh,211
4238453252107,3130103398908,Sri Jayawardenapura-Kotte,Montserrat,911
7821026721091,8526446797945,Naypyidaw,Maldives,556
9014693218928,7383079133595,Rio Branco,Netherlands,516
4795213177633,9362088522917,San Diego,Saint Lucia,905
1332105433731,4714848687088,Gaza,Western Sahara,851
6311263462931,1078333127188,The Valley,Trinidad and Tobago,822
8233107208864,5056211360605,Mérida,Armenia,512
2877316209096,5304795864327,Saipan,Jersey,311
158827602042,4864055175261,Vatican City,"Palestinian Territory, Occupied",820
3819686176989,4293907721624,Cairns,Kyrgyzstan,752
3259620582863,9330834736865,Surabaya,Malawi,251
1877186274800,3532422978055,Alexandria,Saint Helena,704
9187417774084,7520540503957,La Serena,Portugal,827
4143087869003,4383556589046,Salzburg,Belize,84
884956248193,5831484303279,Kunming,Papua New Guinea,40
2224037019350,3733083518087,Vienna,Nicaragua,929
9844737908167,296937330853,Havana,Marshall Islands,96
1347660672130,101708437588,Antwerp,Albania,232
4014043061842,2507687944731,Whitehorse,Kuwait,341
5238469440333,9873907779708,Palembang,France,326
5768180553880,904191545838,Portland,Sweden,440
1512340968185,6436214385554,The Valley,Iceland,651
8724306900790,5257654186899,Mecca,Ghana,230
7360282915460,9960793817552,Nizhny Novgorod,Jamaica,924
7719462345557,5369579347445,Francistown,British Indian Ocean Territory,218
9350385635994,9537580220634,Ambon,France,620
4307685782522,1310020467933,Port-au-Prince,Macao,165
1962857987214,8352209094498,Cork (city),Somalia,477
3871493093140,417308899006,Assis,Bosnia and Herzegovina,104
8210581343786,4948914899899,Pretoria,Botswana,135
7494079486409,4961598973288,Balikpapan,Timor-Leste,192
3428459782613,5023769021198,Padang,Sao Tome and Principe,981
5355546129097,3512209858655,Odessa,Guadeloupe,31
9580313741410,2424184993643,Daegu,Solomon Islands,6
8957338576200,3030346229102,Osaka,Libyan Arab Jamahiriya,872
3027802789043,5072479338009,Assis,Russian Federation,795
9709522189841,6241583433143,Johannesburg,Peru,283
8480520423653,8486283162456,Nice,Timor-Leste,901
2437254466408,2545731781124,Karachi,Lebanon,565
3107467446047,5227556651229,Chaguanas,Seychelles,683
7090662498702,2952245850081,Skopje,"Taiwan, Province of China",905
3541264991161,8575872661108,Roseau,Antigua and Barbuda,868
299527423562,7919837324934,Jayapura,Armenia,350
8056455385907,5339388992418,Angra do Heroísmo,Eritrea,12
9652696482858,4817547273982,Palma,Tonga,588
4810252231244,12459666852,Luxor,"Virgin Islands, British",277
9560294501288,5618399668482,Birkirkara,Latvia,867
8481997819928,7671925726274,Basse-Terre,Bosnia and Herzegovina,296
7893555895606,1175577192408,Shijiazhuang,Ecuador,759
7388861470374,1657489936118,Zanzibar City,Costa Rica,245
2352518087659,760269248393,Tskhinvali,Iceland,193
4634955149383,4711736737319,Nukus,Chile,330
6495966746026,2645293108094,Daegu,Guam,658
8857917889246,7601400829580,Paris,Benin,646
8743188838689,194737306206,Seville,Lesotho,637
8463921525957,3478770420653,Denpasar,Dominica,460
4639315886047,2961758714399,NDjamena,"Palestinian Territory, Occupied",859
2839350865473,6450892939443,Yogyakarta (city),Philippines,40
1253118051010,2752403524572,Cologne,Egypt,275
4980103352018,7166222997474,Cincinnati,Seychelles,215
8492785869004,8847532329128,Saint-Pierre,Spain,669
6965703725463,135442141717,Kansas City,Antarctica,526
4532815198088,3952916373987,Virginia Beach,Mexico,311
9401847327184,4130205914846,Edmonton,British Indian Ocean Territory,500
4028730124219,2599415358559,Reykjavík,Lesotho,862
1862175996737,7861856494938,Medan,Albania,907
9176335001124,7756961879993,Suva,Morocco,493
6796738247104,3985148322501,Mashhad,San Marino,660
7804499459456,1517815934312,Luxembourg (city),Nicaragua,702
1438646553419,6892703953989,Road Town,Albania,382
714936783198,282143897786,Helsinki,Madagascar,18
1368532995331,5008462256028,Curitiba,Papua New Guinea,744
3437084383886,2455825615980,Vaduz,Palau,999
5743359046652,9039605315034,Yokohama,Slovakia,923
9923753575102,8996821588274,Melbourne,New Caledonia,15
2082675199469,8410706399211,Guayaquil,Norway,247
3410279469454,7785445075470,Papeete,Aruba,459
5424315869408,7419557880294,Washington,Cyprus,750
3177543680113,621133899896,Buenos Aires,Solomon Islands,442
1688779566371,4266519802785,Bujumbura,Niger,397
1004509752668,6494144026058,Iquitos,Malaysia,735
5716428333809,8001344067526,Puebla,"Palestinian Territory, Occupied",86
8733666509480,3529867621840,Chengdu,Palau,59
2053443884181,6718494371403,Jinan,Guadeloupe,407
7088441288616,3169489560627,Bujumbura,Panama,873
7143420986864,7435302547951,Santo Domingo,Russian Federation,473
6249849028345,6511293948957,La Serena,Gibraltar,836
8778448568799,999825209460,Port of Spain,Namibia,875
7066442917538,4843769181510,Hiroshima,Bosnia and Herzegovina,982
6780070411987,49060992874,Hamilton,Bhutan,53
4255221466300,9397668325479,Austin,American Samoa,663
1295660201257,2549751745337,Houston,New Zealand,998
1612620887557,4383085547152,New Orleans,Haiti,627
8009569716332,8059147163320,Sitka,South Georgia and the South Sandwich Islands,214
3736699509275,6693761060120,Palikir,India,604
4741913723396,6793275243149,Lyon,Ireland,322
144712027424,958999736852,Sukhumi,Israel,614
7217343252506,981856867556,Arbil,Nicaragua,586
2313903622863,51856843849,Mexicali,Switzerland,100
5745728416605,8756877680312,Ljubljana,Haiti,931
8137408924415,4535266506048,Campo Grande,Saint Pierre and Miquelon,328
2811596205040,6851581015790,Campinas,Colombia,834
9370441488505,3755729620298,Majuro,Uruguay,827
1544989381881,7231833101858,Tampere,Zimbabwe,117
7593034670782,6262723785556,Punta Arenas,Vanuatu,777
2207810917535,9081343515930,Sapporo,Estonia,97
6872055459272,2613456201613,Malmö,Albania,111
263991472278,4186914496169,San Salvador,Nicaragua,960
8316389951729,7264956946046,Nanning,Holy See (Vatican City State),51
1508121862999,8229421344600,Calgary,AndorrA,130
1496584426800,5072091253426,Yangon,Yemen,240
6957370575849,8667905715367,Atlanta,Faroe Islands,979
2453487583791,7812864839728,Jersey City,Djibouti,245
2189748556693,8761851669345,Ahmedabad,"Congo, The Democratic Republic of the",772
3370663701865,7349237426872,San José,Puerto Rico,183
5088530877747,7515831500459,Tirana,Nicaragua,603
2211893818848,1518654246415,Colombo,Palau,686
7420017407924,2207020557678,Phoenix,Wallis and Futuna,7
6744035889910,9890686648416,Auckland,Heard Island and Mcdonald Islands,900
7551874234596,2559035301948,Gold Coast,Saint Lucia,996
8783516720088,8174416792218,Cartagena,Mali,583
5470228885737,2492160978333,Nizhny Novgorod,RWANDA,926
2234026694091,8161854766245,Weno,Nicaragua,554
7961859572008,2366957042837,Lucknow,South Georgia and the South Sandwich Islands,90
6948155697213,4672781011745,Miri,Panama,852
3777619641301,5488413823099,Kingstown,"Iran, Islamic Republic Of",574
8144680483443,7239865040682,Quebec City,Paraguay,361
1006069137105,2159795103794,Tagbilaran,Kiribati,627
7675655020031,921028198542,Riyadh,Anguilla,587
5792052773688,3637706485312,Christchurch,Paraguay,617
8840288304560,9111470170783,Taichung,Saint Helena,405
943689050407,7504006324426,Almaty,Panama,103
5107761816579,8791436523102,Tashkent,Japan,57
2233981215233,2352253253420,Brasília,Uruguay,322
7461742306039,25811110466,Luxor,Equatorial Guinea,397
9072233182733,603339087971,Port Moresby,Sierra Leone,35
5598577608378,4380234435642,Hiroshima,Yemen,519
2451197240517,5168651633424,Malé,"Palestinian Territory, Occupied",519
5345572996050,7900036303667,Santa Cruz de Tenerife,Saint Lucia,400
2737587554910,5394746857942,Nuuk,Namibia,631
7055367881868,7656444092411,Roseau,"Congo, The Democratic Republic of the",123
2393835894455,6709968489811,Daegu,Niue,274
9386056805077,489666138512,Monaco,Guernsey,201
7234481893954,5949024046151,Durango,Bolivia,832
768574305124,3567127716724,Tirana,Chile,700
8274540068497,3629696649638,Stepanakert,Solomon Islands,395
5648594073481,2866619512544,Gold Coast,Afghanistan,218
3531743799131,7137389010967,Cleveland,Bahrain,737
9954646009276,2024634413482,Osaka,Antarctica,840
6006692975378,9559260287931,Vitória,Denmark,979
9542354573088,8226947618375,Pune,Liechtenstein,794
5407513109743,4365935542624,Ankara,Ethiopia,842
9960588671605,8981936929959,Monaco,Pitcairn,45
1876596866980,3335594454960,İzmir,Guadeloupe,770
2114777156607,7461331244648,Kaliningrad,Poland,783
5633093043617,5648582917228,Washington,Samoa,526
354661096824,3600283654345,Guayaquil,Mauritius,119
7275971430021,5832531682348,Charlotte,Anguilla,676
2348504770633,5976140536730,Doha,Eritrea,391
6439115437418,2031714863919,Mérida,Samoa,410
1649685538875,8163197721109,Freetown,Canada,190
2242673791950,1759375505442,The Valley,Reunion,185
5206036671200,2846840484379,Konya,Greece,644
1323032169176,6378145396169,Rabat,Martinique,682
9987398088045,908712475997,Tunis,Mongolia,900
5421316568962,6834602067339,Nuuk,Venezuela,732
553458044434,5013729581828,Lyon,Gabon,995
5910414718111,3269362721876,Patna,France,636
1341135267801,8075602419434,Bridgetown,Christmas Island,146
5137129470657,498514970844,Samara,Azerbaijan,27
8109490607248,234460600655,Fort-de-France,Zambia,493
6764362068873,5588942004696,Sanaa,Indonesia,129
3874358128341,7968412087581,Tampere,Guernsey,556
8970554124957,8569583524728,Kharkiv,Fiji,392
5112207738796,7104112298199,Castries,Hungary,49
9780635317847,507767172946,Winnipeg,Jersey,305
6647865253624,8006837558364,Valencia,Mauritania,415
6262993045449,3014281425237,Vaduz,Peru,754
1589644390317,2857135090005,Port Vila,Grenada,243
4371846953545,6086759317533,Singapore,Morocco,819
5753358425519,9651032341572,Castries,Senegal,246
9386105565392,1097509839511,Brisbane,"Tanzania, United Republic of",996
939607655647,2664459510677,Jersey City,Portugal,491
8866815749110,2788854651160,Dresden,Morocco,157
8935641457670,614049151937,Amsterdam,Nigeria,4
3943643281324,7293064440718,Vienna,Venezuela,69
2077381405796,3053007623630,Saint Petersburg,Somalia,337
6958132039938,4766783260141,Medellín,"Virgin Islands, British",637
7174359475778,5540416954878,Cincinnati,Seychelles,664
3194580303940,4424862314539,Lisbon,Niue,465
3729330903197,3297155481225,Valletta,Samoa,477
9558291787312,8253174265351,Alexandria,Sri Lanka,273
6241424143740,1837227294155,Samara,Denmark,207
822948366025,674035775691,Kobe,Israel,944
2139870942125,4363885923417,Bogor,"Taiwan, Province of China",914
8431213950503,6764088361542,Tartu,Iraq,280
6154839653940,1794025859924,Rochester,United Arab Emirates,616
1533961694150,6868474581350,Samara,Vanuatu,825
9881475985864,5190164647871,Andorra la Vella,Guyana,664
3244374522782,1875596991045,Charlotte Amalie,Luxembourg,54
2747224331953,685109319854,Nagpur,Turkmenistan,197
6063270884694,2598405982411,Gaziantep,Georgia,880
730689352471,5473245976047,Virginia Beach,"Micronesia, Federated States of",108
3471656841962,3259978368893,Douglas,Belize,173
8583680244039,8570344655500,Pristina,United States,515
3394450131665,5226008076247,Weno,Nepal,156
425049674210,8096548233617,Stanley,Sweden,217
8987169115816,675432388289,Valletta,"Taiwan, Province of China",199
6512155879951,5105073559443,Luanda,Isle of Man,120
9529051196144,2133486101103,Kanpur,Christmas Island,498
5628037299151,9123624595346,Minneapolis,Sri Lanka,556
1055392327859,4307535863987,Bratsk,Slovakia,558
7922331743906,6073745337730,Tunis,Qatar,69
5271820035708,3410589398871,Saint Petersburg,Oman,711
9492007393954,6572432440189,Houston,Czech Republic,227
690218320915,9088277533660,Gdańsk,Ukraine,232
136828230742,4028420891561,Makati City,Yemen,280
4832979149527,1058329525941,Belmopan,Tuvalu,403
8018712135216,2940014456902,Luxembourg (city),Bosnia and Herzegovina,892
2061159377491,3758711446090,Jerusalem,French Guiana,220
4192158121709,6134907966925,Kraków,Samoa,145
1934259912849,7479396666020,Zhengzhou,India,715
9485141262213,466202861679,Mamoudzou,Norfolk Island,906
4132602382511,5154001777740,Hilo,Equatorial Guinea,197
1018293408969,5530757480678,Guangzhou,Sri Lanka,651
9545508046572,2337133181979,Agartala,Barbados,313
431806219794,2521375546686,Weno,Antigua and Barbuda,564
3098900119960,5330931355511,Saint-Denis,New Zealand,891
9238167610454,8452551141707,New Orleans,Eritrea,202
5908008676683,8104976916765,Monterrey,Mexico,372
5519866082921,1900610788006,Sapporo,Spain,984
7447381697355,1059226237523,Stepanakert,Azerbaijan,248
2886012165815,563442078177,Hanga Roa,Senegal,919
6680765792250,9445740812651,Minsk,Uganda,709
1600868033238,389967655731,Blantyre,"Tanzania, United Republic of",353
4452743283250,8977296120758,Helsinki,Martinique,927
1330051867802,6396914035931,Valparaíso,"Taiwan, Province of China",936
2928569887719,2531409139372,Belmopan,Guadeloupe,399
1059551423204,1150563211935,Buenos Aires,Canada,566
9453009708438,1234604709932,Ipoh,Romania,54
8407074696417,5584391747632,Yaoundé,Cook Islands,320
2004434276742,3779762994006,Portland,Oman,80
5153820792826,9382133964753,Fort-de-France,Lebanon,591
5490233432015,2897564554048,Santo Domingo,Dominica,950
2960788641769,9591956498885,Maracaibo,Paraguay,635
9999738850272,9947324172394,Concepción,Djibouti,778
7097368595558,2112661923163,Bucharest,RWANDA,971
3437302193756,9264276337596,Jakarta,Zambia,687
2128851893954,1577502125742,Freetown,Jamaica,119
6070983368092,1283787068816,Majuro,Lithuania,79
2920374698462,9003230001869,Zanzibar City,Kazakhstan,824
3058557410523,4744466421883,Taichung,United Kingdom,387
7094327395939,7593100168777,Port Blair,Tajikistan,466
3749285895574,8430590625490,Mecca,"Tanzania, United Republic of",949
7714847139865,650608724878,Jacksonville,United States Minor Outlying Islands,472
2928232853695,134227505953,La Paz,Burundi,130
1825939616976,914468879657,Denpasar,Suriname,721
6652198781280,9863945163124,Adamstown,Kazakhstan,202
567941568050,4642058532860,Lviv,Cayman Islands,282
8208895550930,1272210751241,Kuching,Tuvalu,795
2344479690210,7412788023567,Ouagadougou,Sudan,443
6725151587974,4196382417110,Milan,Italy,523
4681289809108,5131590893973,Macau,Sweden,294
2805698920228,5018360078269,Cincinnati,Tuvalu,154
857457958566,9868865973189,Lagos,Comoros,827
4785125976494,3511713669740,Palembang,Tajikistan,435
9270372827678,7425663750701,Santo Domingo,Bulgaria,542
3364354370875,803988913489,Dibrugarh,Barbados,185
4686117526402,6774891567999,Nashville,Turks and Caicos Islands,833
5790534811502,4012954420275,Lilongwe,Faroe Islands,704
5901402724696,9240464939938,Wellington,Falkland Islands (Malvinas),439
2301873562169,4652592231274,Graz,Bahamas,840
5750538508598,549010383883,Yaren District,Austria,964
7596080579935,7213466821296,São Paulo,Antarctica,736
3192653528654,2226530113998,Kinshasa,AndorrA,714
3152017445932,8026153051201,St. Georges,Reunion,398
7547866250527,9521025825800,Ashgabat,"Congo, The Democratic Republic of the",754
9071071287170,2972143166482,Mumbai,Libyan Arab Jamahiriya,876
4811945082344,337641927108,Chittagong,United States Minor Outlying Islands,467
8553077425330,9769384076312,Atlanta,RWANDA,992
5406532031317,3991165243506,Los Angeles,Nepal,807
3067628298891,4246724754137,Wichita,Mauritania,647
6555433958208,9840997427544,Pristina,Sri Lanka,899
467818061180,4487415101583,Tbilisi,French Guiana,416
3879578445083,6078429903873,Nukus,Costa Rica,568
6421101111115,7871923430818,Shigatse,Sri Lanka,455
5716448068581,5877477455438,Belize City,Haiti,732
3329871354342,9786478378131,Tagbilaran,Colombia,897
8606153768188,6526582977656,Shanghai,Chad,651
378122941307,6770502339800,Tartu,Puerto Rico,667
1871472880317,7389657758500,Nagpur,"Virgin Islands, British",585
8176942754656,2076941065954,Nukuʻalofa,Svalbard and Jan Mayen,451
9987804097032,9576356974888,Lisbon,Bosnia and Herzegovina,623
2071042908531,1924844510886,Buenos Aires,Guyana,620
5853626036711,335810202808,Guwahati,Turkey,981
7918461381512,9666235180511,Apia,Holy See (Vatican City State),429
4079074122549,2103221641698,Serekunda,Togo,724
7405329826501,7134292954755,Ushuaia,Botswana,230
432368723134,7810337497139,Libreville,Western Sahara,211
6296043902891,3667725076828,Graz,Palau,92
4065763733653,3762619643550,Milan,Montserrat,199
197229001516,5994758226649,Chaguanas,Angola,764
5920020729992,3213738232619,Beijing,"Cote D""Ivoire",463
2712351137892,2275949761737,Zürich,Jersey,477
2765748837486,1938152375028,Tehran,Haiti,341
7847651230149,7145977212661,Abuja,Timor-Leste,908
8233166754520,3139164944956,Montreal,Anguilla,984
5476185607277,8202243624466,Sanaa,Zimbabwe,397
5184306047978,496836815562,Changchun,Panama,425
9524942853208,3228209428219,Dushanbe,Saint Pierre and Miquelon,414
3792010301320,8598164119596,Mogadishu,Tokelau,300
6593341832395,2546494776612,Novosibirsk,French Guiana,143
5718271697821,8274752372239,Reykjavík,Albania,110
9862161739287,9029123817581,Perth,New Zealand,225
8599772754195,5835745859881,Jamestown,Bahamas,166
7595835886995,117548610340,Bissau,Bahamas,130
5707482857779,8974997208860,Sydney,Colombia,276
5759293904903,7171673040390,Patna,Gabon,809
5952262910534,1782134151424,Bogotá,Svalbard and Jan Mayen,513
2232667655258,8461798888334,Denver,Belize,150
8035705072297,1625926208841,Peshawar,Morocco,283
7006534788223,2630860472250,Belém,Norfolk Island,7
5375118772555,1210602044779,St. Georges,Pakistan,715
2799897628343,3989166722840,Manchester,Bolivia,299
794332340672,3571153895656,Hanoi,Faroe Islands,959
4390029668265,46439786111,Xining,Ireland,505
2646820169525,9606162565828,Beijing,Ethiopia,844
7548726047121,5564859624325,Bloemfontein,Sudan,782
2085855204032,4482571555340,Antofagasta,Kazakhstan,407
6366674585245,4523269801407,Simferopol,Wallis and Futuna,410
3039550630006,1507179748032,Berlin,Tonga,55
6508216032107,9388064559996,Koulikoro,Swaziland,209
9571719292573,1860475461128,Kabul,Equatorial Guinea,718
1453224225679,1824694556227,Kingstown,Egypt,862
2760026273778,266170040004,Saint-Denis,Mongolia,264
3237981295225,3336379844802,Tokyo,Singapore,611
7887013683721,3734459924146,Sucre,Tokelau,180
6461794888628,158169936166,Santiago,Kiribati,589
2066387956427,4901189652102,Iquitos,Brazil,723
3492405117610,2925991614153,Damascus,Åland Islands,23
1135587810465,9219404407575,Guwahati,Togo,952
2418770990049,3339536916116,Dar es Salaam,Afghanistan,733
752054046502,649485254096,Newcastle,Suriname,777
5608686886958,2195082238589,Bulawayo,Netherlands,167
5163857995627,5679934322362,Valencia,Costa Rica,441
7507846980072,5023471342064,Kunming,Lebanon,255
2094677738004,9011030878550,Jakarta,United States,741
355332222563,9080329373398,Regina,China,488
727109019825,2003781037146,Chuí,Dominica,176
8620455033589,7850842743204,Yaoundé,Bulgaria,51
5353097500581,2001795429327,Santo Domingo,Slovenia,72
5940428102592,6415014484407,Oranjestad,Maldives,992
5925114034341,7658519365235,Valletta,Isle of Man,828
6088872138658,6567754596897,Banjul,India,482
1897367393283,6305135388313,Perth,Nauru,821
1876012672612,2196069779789,Arequipa,Antarctica,998
9062692068964,400660173216,Xian,Hong Kong,45
3821488679044,5574463479872,Pontianak,Bahamas,913
7516154315291,9339581461477,Dalian,Dominican Republic,768
6182791123209,1033258739190,Belgrade,Isle of Man,314
116678760885,5197121908538,Murmansk,Vanuatu,445
4015172582795,2566976950160,Makassar,Falkland Islands (Malvinas),324
5462218009750,7091841011968,Ottawa,Turks and Caicos Islands,25
1085681870248,1918137281730,Bratislava,Togo,812
8105510342888,2119821561587,Valparaíso,Serbia and Montenegro,70
301174953110,9692658104338,Shillong,Saint Lucia,723
580286335595,8069830506151,Harare,Peru,73
3538809999430,7588272739104,Melekeok,Åland Islands,219
2241647247352,5887307635945,Kuala Lumpur,China,652
4990556200091,1483850464662,Konya,Niue,365
9182034873297,6677150859392,Denver,Saint Lucia,989
3208988221077,9332069465022,Jaipur,India,515
5788959854879,5401286620280,Omdurman,Northern Mariana Islands,130
305221741828,7163272340935,Pelotas,Poland,986
9437940987223,3762066874199,Strasbourg,El Salvador,485
8881573511884,999508532172,Iquitos,United Kingdom,81
6971950932969,4645465389645,Yokohama,Congo,136
937584706660,9744415002203,Cincinnati,New Caledonia,356
769053608183,946052449967,Toronto,Malta,449
396169380477,6948899967369,Dodoma,Guinea,346
1297618327867,3791494484306,Copenhagen,"Tanzania, United Republic of",843
4407766193586,751893167759,Cannes,Liberia,293
1692916006281,5090988743856,Belém,Equatorial Guinea,908
2611895717561,1021104682182,Suez,Martinique,946
6861353884369,7659582618075,Changchun,Comoros,766
7144477671971,9390239131558,Jacksonville,China,558
8529551198247,1775137003642,Honiara,Palau,541
6197307984869,1118222515190,Gdańsk,"Macedonia, The Former Yugoslav Republic of",670
5562218043980,2863027361978,Samara,Mali,127
486405647658,7990255208104,Bissau,Serbia and Montenegro,907
7428513260742,6120463337038,Bilbao,Algeria,262
1753870753345,1122235596845,Ibadan,Egypt,675
9870581717323,4521777796189,Cartagena,Jordan,662
114934287709,3481761154898,The Hague,Venezuela,4
299999648588,4764360782779,Lisbon,Netherlands Antilles,499
9980082672160,6048869017503,Srinagar,Vanuatu,743
5274427901140,3877950136056,Port Elizabeth,Solomon Islands,894
5692055989206,6650640812541,Belfast,Slovenia,646
1800282320617,6565898821326,Nanjing,Cambodia,293
7338450949996,7576568353820,Quito,Gibraltar,639
160878828626,4017771190414,Mogadishu,Saint Lucia,744
2658751272201,8034575242708,Birmingham,Brazil,764
2005745097567,6512942717430,Zagreb,Iraq,560
4255663822449,6516127908240,Bilbao,Mozambique,151
5862114635904,2732744166898,Kansas City,Peru,24
4449178886574,646853927568,Tagbilaran,Wallis and Futuna,638
1344038818418,7178855196626,George Town,Antarctica,138
1810674686474,7459362390550,Malacca Town,New Caledonia,852
5093455313150,102664647795,Gold Coast,Christmas Island,998
5365852534935,9134701042339,Road Town,Mexico,933
9984166045947,8789962456478,Praia,Algeria,938
2838654092949,8199568347529,Willemstad,Barbados,92
4140580196853,1480209062268,Blantyre,Armenia,878
5780773725684,2836071531824,Port Said,Turkey,309
6343995360563,3731790420851,Dushanbe,Holy See (Vatican City State),886
271300675707,3337318530223,Montreal,Åland Islands,493
3135819654961,3831775542380,Kandahar,Guam,784
4396699539485,2334521430850,Podgorica,Myanmar,821
7545585102459,2452116226381,Riyadh,Pitcairn,951
6253270974509,4606410444453,The Valley,Niger,486
5813048256433,4958596930215,Cuiabá,Zambia,456
9986310550371,9441035365865,Enugu,Guinea,465
8555152356180,7605872669788,Melbourne,Gabon,547
7692730544925,929955687339,Wuhan,Pitcairn,370
6903685742631,1430660237505,Vancouver,Belize,795
7777103312917,4448600400018,Kuching,Holy See (Vatican City State),656
6878334818278,6041521492664,Koror,Egypt,269
5926479771894,5625992132074,Forked River,Lesotho,167
9515955858521,1477667077502,Santa Cruz de la Sierra,Belarus,785
2834853632072,9261935266679,Valencia,"Virgin Islands, British",122
1810061671999,9725285516800,Pretoria,Iceland,356
1303954210757,546550115327,Frankfurt,Congo,389
1066846007459,122683621445,San Carlos de Bariloche,Turkey,837
755841937371,3613717080672,Perm,Zambia,117
9844269887179,1847375395788,Accra,Romania,738
6646586257034,5080235697328,Kota Bharu,Lebanon,866
555331316868,7355517669609,Naypyidaw,Peru,352
3579216844217,727572544395,Melbourne,Chile,241
5822586441411,6169111976431,Split (city),Guinea-Bissau,220
308127848059,103657530753,Curitiba,Spain,591
4527653687407,8223008170364,Wonsan,Gabon,177
2219739281276,7453305327779,Antofagasta,Montserrat,603
3053803810081,7633187878215,Belfast,San Marino,146
1362887328372,9081461354601,Kawasaki,Cambodia,267
9104957025146,4373779011583,Tabriz,Mayotte,911
4439216905713,2876932403128,Winnipeg,Guinea,717
9499720462700,9370119178786,Freetown,Macao,305
7071815115408,9641197984447,Saipan,Czech Republic,8
5663948870264,4638872016232,Santa Cruz de la Sierra,Norfolk Island,602
6010726287771,6393550189155,Kaohsiung,Svalbard and Jan Mayen,824
4617435487274,4239326857761,Cairns,Maldives,814
1912931710329,8855842362091,Quito,Morocco,493
9312151723352,7320380411659,Vienna,Chile,69
1405221369250,2246172483234,Angra do Heroísmo,Sweden,73
862365809454,1269647052336,San Carlos de Bariloche,Bolivia,954
7153641399287,7971380423510,Monaco,Angola,937
257216615917,2287428172889,Buenos Aires,Cape Verde,787
914347131440,7626551524899,Surat,Solomon Islands,982
4712416317259,5269016051223,Gibraltar,Bhutan,780
2914264901832,7074929736966,Bucharest,Bermuda,502
2499457182867,4729771346628,Zapopan,Saint Helena,915
3334888222351,6649495462314,Indianapolis,Italy,77
7832737760884,5094151912799,Innsbruck,Isle of Man,292
913394982797,9454693420500,Valencia,Chad,134
2509475121182,5909089991404,Angra do Heroísmo,Albania,575
3801211044778,906331414392,Bridgetown,Norfolk Island,263
2398136652203,7244088385594,Dili,Brunei Darussalam,679
5692412994723,1971873112167,Banda Aceh,Colombia,160
1631220820068,9816216204586,Kaesong,Bouvet Island,336
5698925084069,4424675355398,Lyon,Svalbard and Jan Mayen,771
2588800631396,7374799529210,Mashhad,Nicaragua,36
4702427186709,9268538488333,Sabha,United States,346
9441979343031,4963081879768,Mexicali,Bhutan,921
3589692914096,8618574649561,Hagåtña,Brunei Darussalam,226
5958550575156,8076921029198,Pyongyang,Armenia,838
5196974691385,8222377901111,Sitka,Kenya,928
4252589895465,5302809506831,Los Angeles,Turkmenistan,247
7286346463050,7141719103716,Tallinn,Niue,413
8179113947851,5530860672372,Kobe,"Virgin Islands, U.S.",10
7088543539309,4320330440511,Zhengzhou,Samoa,132
7796476053177,5538067127286,Adak,Spain,476
6124135480349,6302861293591,Yaoundé,Greece,564
4768218686017,8710745818996,Zagreb,Zimbabwe,427
7336645317539,2748088318882,Melekeok,Argentina,41
93288439426,8588282853596,Kuching,Argentina,589
8078130872319,923720969084,Sukhumi,Liechtenstein,892
693901111411,5324550260963,Mata-Utu,Mongolia,271
8010176497953,7294969795034,Norilsk,Nicaragua,568
471989191248,3879157296497,Accra,Saint Pierre and Miquelon,601
5391543881900,2169282605560,Stepanakert,Guadeloupe,120
9569416871879,6665735546073,Islamabad,Latvia,983
8500328494936,5716222153562,Birmingham,Mayotte,905
8958986482195,188603429291,Brussels,Germany,512
2303095968681,4885585032761,Hargeisa,Slovenia,49
8707102675604,4843399122729,Zamboanga City,Martinique,645
9447997530069,9016823405589,Winnipeg,Philippines,645
5097406587570,6512898811189,Hamburg,Slovenia,348
9286113358144,2481765202632,Tashkent,United States Minor Outlying Islands,193
8485449673773,726778480005,Charlotte,Luxembourg,709
6974130281671,2705655408374,Djibouti (city),Iceland,20
5446817758258,4876705347101,Iloilo City,AndorrA,726
8364002007906,7394745693522,Bucharest,Kazakhstan,100
9744399300954,1746542213460,Stepanakert,Canada,891
3268821981590,5642684883602,City of San Marino,Sierra Leone,573
8381709495135,3051779317249,Kandy,Equatorial Guinea,583
7125310188753,8508750175187,Beijing,Spain,365
3213885847259,8099299373440,São José dos Campos,Tokelau,984
7107481559915,4987619154146,El Aaiún,Anguilla,922
8909121786846,7221488613128,Bujumbura,South Georgia and the South Sandwich Islands,906
3104458433239,46056106621,Osaka,Guernsey,503
3809630569441,6826825512170,Punta Arenas,New Zealand,521
7237019056214,3469210141008,Maracaibo,British Indian Ocean Territory,500
9126204590585,4274438642067,Brikama,Cape Verde,386
8017419009434,4997086303474,Bursa,Egypt,938
5367940266749,4266708596307,Taipei,Cyprus,146
1268012814138,1963315267969,Port-au-Prince,Israel,871
5343449295983,2161459183714,Belmopan,Algeria,140
8832422222809,5041697356022,Chicago,"Korea, Democratic People""S Republic of",155
7364779575044,8389662865360,Wuhan,Croatia,62
484693327388,5985615974006,Roseau,Grenada,420
5114247429125,1872940988103,Helsinki,Timor-Leste,552
8546565421538,9787844034983,Alexandria,Hong Kong,594
2148524262981,9526726440269,Adak,Liechtenstein,713
3518156298448,7386454723721,Istanbul,Sudan,687
928574126647,9297813578184,Edinburgh,Colombia,15
587853486633,3082351992373,Macau,Greece,500
8512386075414,2029731971593,Edinburgh,Niger,704
7076104715684,1087859994083,Pune,American Samoa,662
2713916193424,5055202755458,Huế,Cameroon,57
1732103852547,2002186856923,Montevideo,Bangladesh,597
2247960206072,34786023432,Quebec City,Turkmenistan,312
3629027576484,5561302441072,Anchorage,Benin,811
2124985308355,8407092309446,Recife,Panama,946
9094459618101,4336946559443,Qingdao,Luxembourg,740
2212294354283,2008942024243,Nicosia,Svalbard and Jan Mayen,509
2999003044589,3019346612650,Pune,American Samoa,352